名称,销量,参数链接,评分链接
海鸥,"28,797",https://www.dongchedi.com/auto/params-carIds-x-5952,https://www.dongchedi.com/auto/series/score/5952
秦PLUS DM-i,"27,814",https://www.dongchedi.com/auto/params-carIds-x-4802,https://www.dongchedi.com/auto/series/score/4802
Model Y,"26,356",https://www.dongchedi.com/auto/params-carIds-x-4363,https://www.dongchedi.com/auto/series/score/4363
轩逸,"24,270",https://www.dongchedi.com/auto/params-carIds-x-1145,https://www.dongchedi.com/auto/series/score/1145
元PLUS,"23,327",https://www.dongchedi.com/auto/params-carIds-x-5248,https://www.dongchedi.com/auto/series/score/5248
宋Pro DM-i,"22,491",https://www.dongchedi.com/auto/params-carIds-x-3504,https://www.dongchedi.com/auto/series/score/3504
朗逸,"21,117",https://www.dongchedi.com/auto/params-carIds-x-393,https://www.dongchedi.com/auto/series/score/393
驱逐舰05,"20,363",https://www.dongchedi.com/auto/params-carIds-x-5290,https://www.dongchedi.com/auto/series/score/5290
宋PLUS DM-i,"20,209",https://www.dongchedi.com/auto/params-carIds-x-4865,https://www.dongchedi.com/auto/series/score/4865
秦PLUS EV,"18,500",https://www.dongchedi.com/auto/params-carIds-x-4899,https://www.dongchedi.com/auto/series/score/4899
帕萨特,"16,033",https://www.dongchedi.com/auto/params-carIds-x-398,https://www.dongchedi.com/auto/series/score/398
本田CR-V,"15,385",https://www.dongchedi.com/auto/params-carIds-x-280,https://www.dongchedi.com/auto/series/score/280
问界M9,"15,139",https://www.dongchedi.com/auto/params-carIds-x-6325,https://www.dongchedi.com/auto/series/score/6325
奥迪A6L,"14,750",https://www.dongchedi.com/auto/params-carIds-x-99,https://www.dongchedi.com/auto/series/score/99
速腾,"14,572",https://www.dongchedi.com/auto/params-carIds-x-414,https://www.dongchedi.com/auto/series/score/414
锋兰达,"14,243",https://www.dongchedi.com/auto/params-carIds-x-5369,https://www.dongchedi.com/auto/series/score/5369
星瑞,"13,596",https://www.dongchedi.com/auto/params-carIds-x-3476,https://www.dongchedi.com/auto/series/score/3476
星越L,"13,379",https://www.dongchedi.com/auto/params-carIds-x-4857,https://www.dongchedi.com/auto/series/score/4857
RAV4荣放,"12,664",https://www.dongchedi.com/auto/params-carIds-x-546,https://www.dongchedi.com/auto/series/score/546
五菱宏光MINIEV,"12,445",https://www.dongchedi.com/auto/params-carIds-x-4499,https://www.dongchedi.com/auto/series/score/4499
宝马3系,"12,205",https://www.dongchedi.com/auto/params-carIds-x-145,https://www.dongchedi.com/auto/series/score/145
卡罗拉锐放,"12,063",https://www.dongchedi.com/auto/params-carIds-x-5382,https://www.dongchedi.com/auto/series/score/5382
汉DM-i,"11,905",https://www.dongchedi.com/auto/params-carIds-x-4228,https://www.dongchedi.com/auto/series/score/4228
迈腾,"11,892",https://www.dongchedi.com/auto/params-carIds-x-415,https://www.dongchedi.com/auto/series/score/415
AION S,"11,889",https://www.dongchedi.com/auto/params-carIds-x-3101,https://www.dongchedi.com/auto/series/score/3101
思域,"11,837",https://www.dongchedi.com/auto/params-carIds-x-276,https://www.dongchedi.com/auto/series/score/276
五菱缤果,"11,749",https://www.dongchedi.com/auto/params-carIds-x-6266,https://www.dongchedi.com/auto/series/score/6266
宋PLUS EV,"11,600",https://www.dongchedi.com/auto/params-carIds-x-4540,https://www.dongchedi.com/auto/series/score/4540
AION Y,"11,501",https://www.dongchedi.com/auto/params-carIds-x-4814,https://www.dongchedi.com/auto/series/score/4814
ZEEKR 001,"11,267",https://www.dongchedi.com/auto/params-carIds-x-5015,https://www.dongchedi.com/auto/series/score/5015
瑞虎8,"10,672",https://www.dongchedi.com/auto/params-carIds-x-2794,https://www.dongchedi.com/auto/series/score/2794
理想L7,"10,666",https://www.dongchedi.com/auto/params-carIds-x-6173,https://www.dongchedi.com/auto/series/score/6173
雅阁,"10,569",https://www.dongchedi.com/auto/params-carIds-x-289,https://www.dongchedi.com/auto/series/score/289
奔驰C级,"10,508",https://www.dongchedi.com/auto/params-carIds-x-212,https://www.dongchedi.com/auto/series/score/212
唐DM-i,"10,181",https://www.dongchedi.com/auto/params-carIds-x-311,https://www.dongchedi.com/auto/series/score/311
长安CS75 PLUS,"10,115",https://www.dongchedi.com/auto/params-carIds-x-3196,https://www.dongchedi.com/auto/series/score/3196
捷途旅行者,"10,049",https://www.dongchedi.com/auto/params-carIds-x-5563,https://www.dongchedi.com/auto/series/score/5563
奔驰E级,"10,008",https://www.dongchedi.com/auto/params-carIds-x-214,https://www.dongchedi.com/auto/series/score/214
海豚,"9,995",https://www.dongchedi.com/auto/params-carIds-x-5008,https://www.dongchedi.com/auto/series/score/5008
红旗H5,"9,785",https://www.dongchedi.com/auto/params-carIds-x-6132,https://www.dongchedi.com/auto/series/score/6132
帝豪,"9,598",https://www.dongchedi.com/auto/params-carIds-x-733,https://www.dongchedi.com/auto/series/score/733
腾势D9 DM-i,"9,557",https://www.dongchedi.com/auto/params-carIds-x-5843,https://www.dongchedi.com/auto/series/score/5843
途观L,"9,354",https://www.dongchedi.com/auto/params-carIds-x-404,https://www.dongchedi.com/auto/series/score/404
奥迪Q5L,"9,325",https://www.dongchedi.com/auto/params-carIds-x-2916,https://www.dongchedi.com/auto/series/score/2916
凯美瑞,"9,323",https://www.dongchedi.com/auto/params-carIds-x-535,https://www.dongchedi.com/auto/series/score/535
问界M7,"9,266",https://www.dongchedi.com/auto/params-carIds-x-5820,https://www.dongchedi.com/auto/series/score/5820
宝马X3,"8,955",https://www.dongchedi.com/auto/params-carIds-x-2812,https://www.dongchedi.com/auto/series/score/2812
威兰达,"8,675",https://www.dongchedi.com/auto/params-carIds-x-4172,https://www.dongchedi.com/auto/series/score/4172
汉EV,"8,630",https://www.dongchedi.com/auto/params-carIds-x-4300,https://www.dongchedi.com/auto/series/score/4300
逸动,"8,623",https://www.dongchedi.com/auto/params-carIds-x-1455,https://www.dongchedi.com/auto/series/score/1455
元UP,"8,620",https://www.dongchedi.com/auto/params-carIds-x-9689,https://www.dongchedi.com/auto/series/score/9689
奥迪A4L,"8,497",https://www.dongchedi.com/auto/params-carIds-x-96,https://www.dongchedi.com/auto/series/score/96
逍客,"8,394",https://www.dongchedi.com/auto/params-carIds-x-1150,https://www.dongchedi.com/auto/series/score/1150
哈弗H6,"8,309",https://www.dongchedi.com/auto/params-carIds-x-649,https://www.dongchedi.com/auto/series/score/649
天籁,"8,231",https://www.dongchedi.com/auto/params-carIds-x-1147,https://www.dongchedi.com/auto/series/score/1147
熊猫,"8,125",https://www.dongchedi.com/auto/params-carIds-x-6148,https://www.dongchedi.com/auto/series/score/6148
艾瑞泽8,"7,916",https://www.dongchedi.com/auto/params-carIds-x-5852,https://www.dongchedi.com/auto/series/score/5852
探岳,"7,829",https://www.dongchedi.com/auto/params-carIds-x-2835,https://www.dongchedi.com/auto/series/score/2835
皓影,"7,612",https://www.dongchedi.com/auto/params-carIds-x-4079,https://www.dongchedi.com/auto/series/score/4079
宝马X1,"7,611",https://www.dongchedi.com/auto/params-carIds-x-148,https://www.dongchedi.com/auto/series/score/148
伊兰特,"7,543",https://www.dongchedi.com/auto/params-carIds-x-1310,https://www.dongchedi.com/auto/series/score/1310
微蓝6,"7,538",https://www.dongchedi.com/auto/params-carIds-x-3359,https://www.dongchedi.com/auto/series/score/3359
奔驰GLC,"7,511",https://www.dongchedi.com/auto/params-carIds-x-216,https://www.dongchedi.com/auto/series/score/216
小米SU7,"7,058",https://www.dongchedi.com/auto/params-carIds-x-6187,https://www.dongchedi.com/auto/series/score/6187
坦克300,"6,951",https://www.dongchedi.com/auto/params-carIds-x-4615,https://www.dongchedi.com/auto/series/score/4615
长安Lumin,"6,890",https://www.dongchedi.com/auto/params-carIds-x-5859,https://www.dongchedi.com/auto/series/score/5859
格瑞维亚,"6,889",https://www.dongchedi.com/auto/params-carIds-x-5858,https://www.dongchedi.com/auto/series/score/5858
哈弗大狗,"6,869",https://www.dongchedi.com/auto/params-carIds-x-4563,https://www.dongchedi.com/auto/series/score/4563
宝来,"6,753",https://www.dongchedi.com/auto/params-carIds-x-409,https://www.dongchedi.com/auto/series/score/409
宝马X5,"6,695",https://www.dongchedi.com/auto/params-carIds-x-5273,https://www.dongchedi.com/auto/series/score/5273
型格,"6,642",https://www.dongchedi.com/auto/params-carIds-x-5340,https://www.dongchedi.com/auto/series/score/5340
理想L9,"6,560",https://www.dongchedi.com/auto/params-carIds-x-5227,https://www.dongchedi.com/auto/series/score/5227
红旗E-QM5,"6,493",https://www.dongchedi.com/auto/params-carIds-x-5092,https://www.dongchedi.com/auto/series/score/5092
红旗HS5,"6,423",https://www.dongchedi.com/auto/params-carIds-x-3159,https://www.dongchedi.com/auto/series/score/3159
赛那,"6,309",https://www.dongchedi.com/auto/params-carIds-x-5223,https://www.dongchedi.com/auto/series/score/5223
五菱宏光,"6,251",https://www.dongchedi.com/auto/params-carIds-x-1290,https://www.dongchedi.com/auto/series/score/1290
奥迪A3,"6,205",https://www.dongchedi.com/auto/params-carIds-x-95,https://www.dongchedi.com/auto/series/score/95
雷凌,"6,093",https://www.dongchedi.com/auto/params-carIds-x-534,https://www.dongchedi.com/auto/series/score/534
大众ID.3,"6,003",https://www.dongchedi.com/auto/params-carIds-x-5217,https://www.dongchedi.com/auto/series/score/5217
奔驰GLB,"5,972",https://www.dongchedi.com/auto/params-carIds-x-3928,https://www.dongchedi.com/auto/series/score/3928
长安UNI-V,"5,863",https://www.dongchedi.com/auto/params-carIds-x-5288,https://www.dongchedi.com/auto/series/score/5288
领克08 EM-P,"5,862",https://www.dongchedi.com/auto/params-carIds-x-8796,https://www.dongchedi.com/auto/series/score/8796
威朗,"5,829",https://www.dongchedi.com/auto/params-carIds-x-345,https://www.dongchedi.com/auto/series/score/345
博越L,"5,756",https://www.dongchedi.com/auto/params-carIds-x-6025,https://www.dongchedi.com/auto/series/score/6025
蔚来ES6,"5,527",https://www.dongchedi.com/auto/params-carIds-x-2843,https://www.dongchedi.com/auto/series/score/2843
捷途X70,"5,526",https://www.dongchedi.com/auto/params-carIds-x-1938,https://www.dongchedi.com/auto/series/score/1938
银河L7,"5,519",https://www.dongchedi.com/auto/params-carIds-x-8830,https://www.dongchedi.com/auto/series/score/8830
缤越,"5,501",https://www.dongchedi.com/auto/params-carIds-x-2975,https://www.dongchedi.com/auto/series/score/2975
深蓝S7,"5,492",https://www.dongchedi.com/auto/params-carIds-x-6027,https://www.dongchedi.com/auto/series/score/6027
途岳,"5,487",https://www.dongchedi.com/auto/params-carIds-x-2836,https://www.dongchedi.com/auto/series/score/2836
五菱荣光V,"5,431",https://www.dongchedi.com/auto/params-carIds-x-1293,https://www.dongchedi.com/auto/series/score/1293
零跑C10,"5,368",https://www.dongchedi.com/auto/params-carIds-x-9307,https://www.dongchedi.com/auto/series/score/9307
长安启源A07,"5,317",https://www.dongchedi.com/auto/params-carIds-x-8958,https://www.dongchedi.com/auto/series/score/8958
别克GL8,"5,192",https://www.dongchedi.com/auto/params-carIds-x-353,https://www.dongchedi.com/auto/series/score/353
传祺M8,"5,114",https://www.dongchedi.com/auto/params-carIds-x-1794,https://www.dongchedi.com/auto/series/score/1794
海豹DM-i,"5,071",https://www.dongchedi.com/auto/params-carIds-x-6261,https://www.dongchedi.com/auto/series/score/6261
Model 3,"5,065",https://www.dongchedi.com/auto/params-carIds-x-3762,https://www.dongchedi.com/auto/series/score/3762
凯迪拉克CT5,"5,038",https://www.dongchedi.com/auto/params-carIds-x-3736,https://www.dongchedi.com/auto/series/score/3736
理想L8,"5,035",https://www.dongchedi.com/auto/params-carIds-x-6095,https://www.dongchedi.com/auto/series/score/6095
银河L6,"5,033",https://www.dongchedi.com/auto/params-carIds-x-8859,https://www.dongchedi.com/auto/series/score/8859
沃尔沃XC60,"5,014",https://www.dongchedi.com/auto/params-carIds-x-1282,https://www.dongchedi.com/auto/series/score/1282
智界S7,"5,012",https://www.dongchedi.com/auto/params-carIds-x-9225,https://www.dongchedi.com/auto/series/score/9225
iCAR 03,"4,940",https://www.dongchedi.com/auto/params-carIds-x-6298,https://www.dongchedi.com/auto/series/score/6298
宝马5系,"4,899",https://www.dongchedi.com/auto/params-carIds-x-146,https://www.dongchedi.com/auto/series/score/146
零跑C11,"4,779",https://www.dongchedi.com/auto/params-carIds-x-4731,https://www.dongchedi.com/auto/series/score/4731
凌渡,"4,772",https://www.dongchedi.com/auto/params-carIds-x-397,https://www.dongchedi.com/auto/series/score/397
传祺GS4,"4,766",https://www.dongchedi.com/auto/params-carIds-x-616,https://www.dongchedi.com/auto/series/score/616
奥迪Q3,"4,755",https://www.dongchedi.com/auto/params-carIds-x-100,https://www.dongchedi.com/auto/series/score/100
五菱星光PHEV,"4,693",https://www.dongchedi.com/auto/params-carIds-x-9235,https://www.dongchedi.com/auto/series/score/9235
捷达VA3,"4,534",https://www.dongchedi.com/auto/params-carIds-x-3172,https://www.dongchedi.com/auto/series/score/3172
深蓝SL03,"4,524",https://www.dongchedi.com/auto/params-carIds-x-5306,https://www.dongchedi.com/auto/series/score/5306
汉兰达,"4,520",https://www.dongchedi.com/auto/params-carIds-x-536,https://www.dongchedi.com/auto/series/score/536
宝马i3,"4,489",https://www.dongchedi.com/auto/params-carIds-x-4838,https://www.dongchedi.com/auto/series/score/4838
宋L,"4,449",https://www.dongchedi.com/auto/params-carIds-x-8979,https://www.dongchedi.com/auto/series/score/8979
蔚来ET5T,"4,427",https://www.dongchedi.com/auto/params-carIds-x-9126,https://www.dongchedi.com/auto/series/score/9126
途昂,"4,369",https://www.dongchedi.com/auto/params-carIds-x-405,https://www.dongchedi.com/auto/series/score/405
卡罗拉,"4,320",https://www.dongchedi.com/auto/params-carIds-x-542,https://www.dongchedi.com/auto/series/score/542
丰田bZ3,"4,273",https://www.dongchedi.com/auto/params-carIds-x-6126,https://www.dongchedi.com/auto/series/score/6126
长安UNI-Z,"4,165",https://www.dongchedi.com/auto/params-carIds-x-9651,https://www.dongchedi.com/auto/series/score/9651
领克03,"4,113",https://www.dongchedi.com/auto/params-carIds-x-1623,https://www.dongchedi.com/auto/series/score/1623
奥德赛,"4,108",https://www.dongchedi.com/auto/params-carIds-x-291,https://www.dongchedi.com/auto/series/score/291
君威,"3,956",https://www.dongchedi.com/auto/params-carIds-x-348,https://www.dongchedi.com/auto/series/score/348
亚洲龙,"3,922",https://www.dongchedi.com/auto/params-carIds-x-3068,https://www.dongchedi.com/auto/series/score/3068
昂科威,"3,890",https://www.dongchedi.com/auto/params-carIds-x-352,https://www.dongchedi.com/auto/series/score/352
领克06,"3,860",https://www.dongchedi.com/auto/params-carIds-x-4342,https://www.dongchedi.com/auto/series/score/4342
ZEEKR 007,"3,827",https://www.dongchedi.com/auto/params-carIds-x-9128,https://www.dongchedi.com/auto/series/score/9128
皇冠陆放,"3,764",https://www.dongchedi.com/auto/params-carIds-x-4840,https://www.dongchedi.com/auto/series/score/4840
阿维塔 12,"3,733",https://www.dongchedi.com/auto/params-carIds-x-8834,https://www.dongchedi.com/auto/series/score/8834
ID.4 CROZZ,"3,722",https://www.dongchedi.com/auto/params-carIds-x-4586,https://www.dongchedi.com/auto/series/score/4586
奔腾B70,"3,668",https://www.dongchedi.com/auto/params-carIds-x-267,https://www.dongchedi.com/auto/series/score/267
长安CS55 PLUS,"3,666",https://www.dongchedi.com/auto/params-carIds-x-4223,https://www.dongchedi.com/auto/series/score/4223
蒙迪欧,"3,656",https://www.dongchedi.com/auto/params-carIds-x-579,https://www.dongchedi.com/auto/series/score/579
坦克500 Hi4-T,"3,646",https://www.dongchedi.com/auto/params-carIds-x-5830,https://www.dongchedi.com/auto/series/score/5830
英仕派,"3,646",https://www.dongchedi.com/auto/params-carIds-x-2875,https://www.dongchedi.com/auto/series/score/2875
探影,"3,608",https://www.dongchedi.com/auto/params-carIds-x-4078,https://www.dongchedi.com/auto/series/score/4078
捷达VS5,"3,570",https://www.dongchedi.com/auto/params-carIds-x-3171,https://www.dongchedi.com/auto/series/score/3171
长安欧尚X5 PLUS,"3,558",https://www.dongchedi.com/auto/params-carIds-x-6035,https://www.dongchedi.com/auto/series/score/6035
长安欧尚Z6,"3,465",https://www.dongchedi.com/auto/params-carIds-x-5439,https://www.dongchedi.com/auto/series/score/5439
高尔夫,"3,455",https://www.dongchedi.com/auto/params-carIds-x-410,https://www.dongchedi.com/auto/series/score/410
瑞虎9,"3,427",https://www.dongchedi.com/auto/params-carIds-x-6227,https://www.dongchedi.com/auto/series/score/6227
传祺M6,"3,412",https://www.dongchedi.com/auto/params-carIds-x-2832,https://www.dongchedi.com/auto/series/score/2832
T-ROC探歌,"3,375",https://www.dongchedi.com/auto/params-carIds-x-1977,https://www.dongchedi.com/auto/series/score/1977
缤瑞,"3,372",https://www.dongchedi.com/auto/params-carIds-x-2928,https://www.dongchedi.com/auto/series/score/2928
宝马iX3,"3,317",https://www.dongchedi.com/auto/params-carIds-x-4538,https://www.dongchedi.com/auto/series/score/4538
长安启源Q05,"3,241",https://www.dongchedi.com/auto/params-carIds-x-9242,https://www.dongchedi.com/auto/series/score/9242
欧拉好猫,"3,232",https://www.dongchedi.com/auto/params-carIds-x-4635,https://www.dongchedi.com/auto/series/score/4635
零跑T03,"3,207",https://www.dongchedi.com/auto/params-carIds-x-4272,https://www.dongchedi.com/auto/series/score/4272
奥迪A7L,"3,174",https://www.dongchedi.com/auto/params-carIds-x-4302,https://www.dongchedi.com/auto/series/score/4302
长安启源A05,"3,165",https://www.dongchedi.com/auto/params-carIds-x-9129,https://www.dongchedi.com/auto/series/score/9129
荣威i5,"3,133",https://www.dongchedi.com/auto/params-carIds-x-3041,https://www.dongchedi.com/auto/series/score/3041
坦克400 Hi4-T,"3,107",https://www.dongchedi.com/auto/params-carIds-x-8964,https://www.dongchedi.com/auto/series/score/8964
蓝山DHT-PHEV,"3,088",https://www.dongchedi.com/auto/params-carIds-x-6206,https://www.dongchedi.com/auto/series/score/6206
本田HR-V,"3,079",https://www.dongchedi.com/auto/params-carIds-x-6036,https://www.dongchedi.com/auto/series/score/6036
皓瀚,"3,061",https://www.dongchedi.com/auto/params-carIds-x-8788,https://www.dongchedi.com/auto/series/score/8788
奇骏,"2,961",https://www.dongchedi.com/auto/params-carIds-x-1151,https://www.dongchedi.com/auto/series/score/1151
比亚迪e2,"2,906",https://www.dongchedi.com/auto/params-carIds-x-3455,https://www.dongchedi.com/auto/series/score/3455
QQ冰淇淋,"2,797",https://www.dongchedi.com/auto/params-carIds-x-5257,https://www.dongchedi.com/auto/series/score/5257
eπ007,"2,795",https://www.dongchedi.com/auto/params-carIds-x-9349,https://www.dongchedi.com/auto/series/score/9349
捷途X90,"2,760",https://www.dongchedi.com/auto/params-carIds-x-2849,https://www.dongchedi.com/auto/series/score/2849
科鲁泽,"2,750",https://www.dongchedi.com/auto/params-carIds-x-3094,https://www.dongchedi.com/auto/series/score/3094
捷途山海T2,"2,746",https://www.dongchedi.com/auto/params-carIds-x-8943,https://www.dongchedi.com/auto/series/score/8943
沃尔沃S90,"2,728",https://www.dongchedi.com/auto/params-carIds-x-1281,https://www.dongchedi.com/auto/series/score/1281
传祺GS3,"2,726",https://www.dongchedi.com/auto/params-carIds-x-1621,https://www.dongchedi.com/auto/series/score/1621
马自达CX-5,"2,719",https://www.dongchedi.com/auto/params-carIds-x-1016,https://www.dongchedi.com/auto/series/score/1016
MG5,"2,707",https://www.dongchedi.com/auto/params-carIds-x-31,https://www.dongchedi.com/auto/series/score/31
豪越L,"2,702",https://www.dongchedi.com/auto/params-carIds-x-6211,https://www.dongchedi.com/auto/series/score/6211
ZR-V 致在,"2,696",https://www.dongchedi.com/auto/params-carIds-x-5912,https://www.dongchedi.com/auto/series/score/5912
北京BJ40,"2,684",https://www.dongchedi.com/auto/params-carIds-x-164,https://www.dongchedi.com/auto/series/score/164
途胜,"2,657",https://www.dongchedi.com/auto/params-carIds-x-1322,https://www.dongchedi.com/auto/series/score/1322
瑞虎7,"2,603",https://www.dongchedi.com/auto/params-carIds-x-1094,https://www.dongchedi.com/auto/series/score/1094
五菱荣光,"2,598",https://www.dongchedi.com/auto/params-carIds-x-1291,https://www.dongchedi.com/auto/series/score/1291
哈弗猛龙PHEV,"2,597",https://www.dongchedi.com/auto/params-carIds-x-9113,https://www.dongchedi.com/auto/series/score/9113
奔驰A级,"2,574",https://www.dongchedi.com/auto/params-carIds-x-2913,https://www.dongchedi.com/auto/series/score/2913
风云A8,"2,563",https://www.dongchedi.com/auto/params-carIds-x-8808,https://www.dongchedi.com/auto/series/score/8808
岚图梦想家 PHEV,"2,562",https://www.dongchedi.com/auto/params-carIds-x-5924,https://www.dongchedi.com/auto/series/score/5924
艾瑞泽5,"2,548",https://www.dongchedi.com/auto/params-carIds-x-1081,https://www.dongchedi.com/auto/series/score/1081
菱智,"2,537",https://www.dongchedi.com/auto/params-carIds-x-445,https://www.dongchedi.com/auto/series/score/445
红旗HS3,"2,513",https://www.dongchedi.com/auto/params-carIds-x-6359,https://www.dongchedi.com/auto/series/score/6359
小鹏P7,"2,383",https://www.dongchedi.com/auto/params-carIds-x-3352,https://www.dongchedi.com/auto/series/score/3352
理想L6,"2,381",https://www.dongchedi.com/auto/params-carIds-x-5845,https://www.dongchedi.com/auto/series/score/5845
大众CC,"2,370",https://www.dongchedi.com/auto/params-carIds-x-416,https://www.dongchedi.com/auto/series/score/416
ID.4 X,"2,350",https://www.dongchedi.com/auto/params-carIds-x-4258,https://www.dongchedi.com/auto/series/score/4258
凯迪拉克XT5,"2,309",https://www.dongchedi.com/auto/params-carIds-x-861,https://www.dongchedi.com/auto/series/score/861
传祺E8 PHEV,"2,299",https://www.dongchedi.com/auto/params-carIds-x-9184,https://www.dongchedi.com/auto/series/score/9184
蔚来ET5,"2,283",https://www.dongchedi.com/auto/params-carIds-x-5409,https://www.dongchedi.com/auto/series/score/5409
蔚来EC6,"2,266",https://www.dongchedi.com/auto/params-carIds-x-4357,https://www.dongchedi.com/auto/series/score/4357
马自达3 昂克赛拉,"2,261",https://www.dongchedi.com/auto/params-carIds-x-1014,https://www.dongchedi.com/auto/series/score/1014
蓝电E5,"2,256",https://www.dongchedi.com/auto/params-carIds-x-6204,https://www.dongchedi.com/auto/series/score/6204
星途瑶光,"2,240",https://www.dongchedi.com/auto/params-carIds-x-5953,https://www.dongchedi.com/auto/series/score/5953
探索06,"2,199",https://www.dongchedi.com/auto/params-carIds-x-6233,https://www.dongchedi.com/auto/series/score/6233
小鹏G9,"2,180",https://www.dongchedi.com/auto/params-carIds-x-5461,https://www.dongchedi.com/auto/series/score/5461
银河E8,"2,173",https://www.dongchedi.com/auto/params-carIds-x-8858,https://www.dongchedi.com/auto/series/score/8858
荣威D7 EV,"2,167",https://www.dongchedi.com/auto/params-carIds-x-9125,https://www.dongchedi.com/auto/series/score/9125
小鹏G6,"2,132",https://www.dongchedi.com/auto/params-carIds-x-8895,https://www.dongchedi.com/auto/series/score/8895
豹5,"2,110",https://www.dongchedi.com/auto/params-carIds-x-8884,https://www.dongchedi.com/auto/series/score/8884
航海家,"2,057",https://www.dongchedi.com/auto/params-carIds-x-4537,https://www.dongchedi.com/auto/series/score/4537
奕炫,"2,032",https://www.dongchedi.com/auto/params-carIds-x-3365,https://www.dongchedi.com/auto/series/score/3365
本田XR-V,"2,022",https://www.dongchedi.com/auto/params-carIds-x-279,https://www.dongchedi.com/auto/series/score/279
坦克700 Hi4-T,"2,006",https://www.dongchedi.com/auto/params-carIds-x-9636,https://www.dongchedi.com/auto/series/score/9636
揽巡,"1,982",https://www.dongchedi.com/auto/params-carIds-x-5929,https://www.dongchedi.com/auto/series/score/5929
博越,"1,975",https://www.dongchedi.com/auto/params-carIds-x-741,https://www.dongchedi.com/auto/series/score/741
小鹏X9,"1,959",https://www.dongchedi.com/auto/params-carIds-x-6294,https://www.dongchedi.com/auto/series/score/6294
艾力绅,"1,941",https://www.dongchedi.com/auto/params-carIds-x-282,https://www.dongchedi.com/auto/series/score/282
捷途大圣,"1,938",https://www.dongchedi.com/auto/params-carIds-x-5244,https://www.dongchedi.com/auto/series/score/5244
五菱佳辰,"1,935",https://www.dongchedi.com/auto/params-carIds-x-5827,https://www.dongchedi.com/auto/series/score/5827
长安欧尚X7 PLUS,"1,935",https://www.dongchedi.com/auto/params-carIds-x-5050,https://www.dongchedi.com/auto/series/score/5050
极狐 阿尔法T5,"1,892",https://www.dongchedi.com/auto/params-carIds-x-6363,https://www.dongchedi.com/auto/series/score/6363
吉利几何E萤火虫,"1,852",https://www.dongchedi.com/auto/params-carIds-x-5817,https://www.dongchedi.com/auto/series/score/5817
锐界,"1,843",https://www.dongchedi.com/auto/params-carIds-x-585,https://www.dongchedi.com/auto/series/score/585
北京BJ30,"1,827",https://www.dongchedi.com/auto/params-carIds-x-4567,https://www.dongchedi.com/auto/series/score/4567
缤智,"1,808",https://www.dongchedi.com/auto/params-carIds-x-288,https://www.dongchedi.com/auto/series/score/288
纳米01,"1,802",https://www.dongchedi.com/auto/params-carIds-x-9261,https://www.dongchedi.com/auto/series/score/9261
MG7,"1,778",https://www.dongchedi.com/auto/params-carIds-x-37,https://www.dongchedi.com/auto/series/score/37
五菱之光,"1,774",https://www.dongchedi.com/auto/params-carIds-x-1292,https://www.dongchedi.com/auto/series/score/1292
哪吒L,"1,768",https://www.dongchedi.com/auto/params-carIds-x-9682,https://www.dongchedi.com/auto/series/score/9682
领睿,"1,760",https://www.dongchedi.com/auto/params-carIds-x-5388,https://www.dongchedi.com/auto/series/score/5388
吉利几何A,"1,756",https://www.dongchedi.com/auto/params-carIds-x-3157,https://www.dongchedi.com/auto/series/score/3157
金海狮,"1,730",https://www.dongchedi.com/auto/params-carIds-x-5059,https://www.dongchedi.com/auto/series/score/5059
五菱星驰,"1,701",https://www.dongchedi.com/auto/params-carIds-x-5982,https://www.dongchedi.com/auto/series/score/5982
AION V,"1,666",https://www.dongchedi.com/auto/params-carIds-x-4426,https://www.dongchedi.com/auto/series/score/4426
奔驰EQE SUV,"1,664",https://www.dongchedi.com/auto/params-carIds-x-6208,https://www.dongchedi.com/auto/series/score/6208
小蚂蚁,"1,654",https://www.dongchedi.com/auto/params-carIds-x-1101,https://www.dongchedi.com/auto/series/score/1101
零跑C01,"1,651",https://www.dongchedi.com/auto/params-carIds-x-5106,https://www.dongchedi.com/auto/series/score/5106
影豹,"1,614",https://www.dongchedi.com/auto/params-carIds-x-4787,https://www.dongchedi.com/auto/series/score/4787
骐达TIIDA,"1,609",https://www.dongchedi.com/auto/params-carIds-x-1143,https://www.dongchedi.com/auto/series/score/1143
威霆,"1,606",https://www.dongchedi.com/auto/params-carIds-x-244,https://www.dongchedi.com/auto/series/score/244
长安欧尚Z6 iDD新能源,"1,586",https://www.dongchedi.com/auto/params-carIds-x-5857,https://www.dongchedi.com/auto/series/score/5857
现代ix35,"1,582",https://www.dongchedi.com/auto/params-carIds-x-1323,https://www.dongchedi.com/auto/series/score/1323
哈弗M6,"1,547",https://www.dongchedi.com/auto/params-carIds-x-1594,https://www.dongchedi.com/auto/series/score/1594
荣威D7 DMH,"1,523",https://www.dongchedi.com/auto/params-carIds-x-9173,https://www.dongchedi.com/auto/series/score/9173
奥迪Q4 e-tron,"1,523",https://www.dongchedi.com/auto/params-carIds-x-4334,https://www.dongchedi.com/auto/series/score/4334
飞度,"1,504",https://www.dongchedi.com/auto/params-carIds-x-283,https://www.dongchedi.com/auto/series/score/283
凡尔赛C5 X,"1,480",https://www.dongchedi.com/auto/params-carIds-x-5048,https://www.dongchedi.com/auto/series/score/5048
沃尔沃S60,"1,461",https://www.dongchedi.com/auto/params-carIds-x-1279,https://www.dongchedi.com/auto/series/score/1279
智己LS6,"1,456",https://www.dongchedi.com/auto/params-carIds-x-9118,https://www.dongchedi.com/auto/series/score/9118
揽境,"1,442",https://www.dongchedi.com/auto/params-carIds-x-3437,https://www.dongchedi.com/auto/series/score/3437
威飒,"1,440",https://www.dongchedi.com/auto/params-carIds-x-5339,https://www.dongchedi.com/auto/series/score/5339
冠道,"1,435",https://www.dongchedi.com/auto/params-carIds-x-292,https://www.dongchedi.com/auto/series/score/292
护卫舰07,"1,427",https://www.dongchedi.com/auto/params-carIds-x-5847,https://www.dongchedi.com/auto/series/score/5847
探险者,"1,408",https://www.dongchedi.com/auto/params-carIds-x-4284,https://www.dongchedi.com/auto/series/score/4284
君越,"1,406",https://www.dongchedi.com/auto/params-carIds-x-347,https://www.dongchedi.com/auto/series/score/347
风光ix5,"1,389",https://www.dongchedi.com/auto/params-carIds-x-2813,https://www.dongchedi.com/auto/series/score/2813
发现运动版,"1,374",https://www.dongchedi.com/auto/params-carIds-x-4313,https://www.dongchedi.com/auto/series/score/4313
起亚K3,"1,363",https://www.dongchedi.com/auto/params-carIds-x-1116,https://www.dongchedi.com/auto/series/score/1116
Polo,"1,361",https://www.dongchedi.com/auto/params-carIds-x-391,https://www.dongchedi.com/auto/series/score/391
索纳塔,"1,342",https://www.dongchedi.com/auto/params-carIds-x-1318,https://www.dongchedi.com/auto/series/score/1318
荣威i6 MAX EV,"1,312",https://www.dongchedi.com/auto/params-carIds-x-4582,https://www.dongchedi.com/auto/series/score/4582
智己L6,"1,291",https://www.dongchedi.com/auto/params-carIds-x-9660,https://www.dongchedi.com/auto/series/score/9660
大通G50,"1,289",https://www.dongchedi.com/auto/params-carIds-x-2984,https://www.dongchedi.com/auto/series/score/2984
五菱星辰,"1,264",https://www.dongchedi.com/auto/params-carIds-x-5037,https://www.dongchedi.com/auto/series/score/5037
标致408,"1,246",https://www.dongchedi.com/auto/params-carIds-x-336,https://www.dongchedi.com/auto/series/score/336
探陆,"1,243",https://www.dongchedi.com/auto/params-carIds-x-9343,https://www.dongchedi.com/auto/series/score/9343
长安CS35 PLUS,"1,239",https://www.dongchedi.com/auto/params-carIds-x-3052,https://www.dongchedi.com/auto/series/score/3052
smart精灵#1,"1,227",https://www.dongchedi.com/auto/params-carIds-x-5322,https://www.dongchedi.com/auto/series/score/5322
星途凌云,"1,163",https://www.dongchedi.com/auto/params-carIds-x-4792,https://www.dongchedi.com/auto/series/score/4792
领克01,"1,156",https://www.dongchedi.com/auto/params-carIds-x-1622,https://www.dongchedi.com/auto/series/score/1622
曹操60,"1,152",https://www.dongchedi.com/auto/params-carIds-x-8930,https://www.dongchedi.com/auto/series/score/8930
理想MEGA,"1,145",https://www.dongchedi.com/auto/params-carIds-x-6067,https://www.dongchedi.com/auto/series/score/6067
奔驰V级,"1,133",https://www.dongchedi.com/auto/params-carIds-x-245,https://www.dongchedi.com/auto/series/score/245
揽胜极光,"1,133",https://www.dongchedi.com/auto/params-carIds-x-993,https://www.dongchedi.com/auto/series/score/993
东风风神E70,"1,124",https://www.dongchedi.com/auto/params-carIds-x-1655,https://www.dongchedi.com/auto/series/score/1655
悦虎,"1,108",https://www.dongchedi.com/auto/params-carIds-x-4388,https://www.dongchedi.com/auto/series/score/4388
秦EV,"1,093",https://www.dongchedi.com/auto/params-carIds-x-1820,https://www.dongchedi.com/auto/series/score/1820
长安UNI-K,"1,088",https://www.dongchedi.com/auto/params-carIds-x-4783,https://www.dongchedi.com/auto/series/score/4783
奥迪Q2L,"1,082",https://www.dongchedi.com/auto/params-carIds-x-2963,https://www.dongchedi.com/auto/series/score/2963
启辰大V DD-i超混动,"1,072",https://www.dongchedi.com/auto/params-carIds-x-6336,https://www.dongchedi.com/auto/series/score/6336
威然,"1,067",https://www.dongchedi.com/auto/params-carIds-x-4160,https://www.dongchedi.com/auto/series/score/4160
腾势N7,"1,058",https://www.dongchedi.com/auto/params-carIds-x-6360,https://www.dongchedi.com/auto/series/score/6360
海豹,"1,043",https://www.dongchedi.com/auto/params-carIds-x-5579,https://www.dongchedi.com/auto/series/score/5579
奔腾NAT,"1,038",https://www.dongchedi.com/auto/params-carIds-x-4861,https://www.dongchedi.com/auto/series/score/4861
世纪,"1,033",https://www.dongchedi.com/auto/params-carIds-x-5935,https://www.dongchedi.com/auto/series/score/5935
哪吒S,"1,025",https://www.dongchedi.com/auto/params-carIds-x-5090,https://www.dongchedi.com/auto/series/score/5090
锐际,"1,020",https://www.dongchedi.com/auto/params-carIds-x-3334,https://www.dongchedi.com/auto/series/score/3334
传祺E9 PHEV,"1,014",https://www.dongchedi.com/auto/params-carIds-x-6087,https://www.dongchedi.com/auto/series/score/6087
红旗H6,"1,012",https://www.dongchedi.com/auto/params-carIds-x-5417,https://www.dongchedi.com/auto/series/score/5417
皓极,"1,012",https://www.dongchedi.com/auto/params-carIds-x-5557,https://www.dongchedi.com/auto/series/score/5557
五菱缤果PLUS,"1,001",https://www.dongchedi.com/auto/params-carIds-x-9924,https://www.dongchedi.com/auto/series/score/9924
林肯Z,996,https://www.dongchedi.com/auto/params-carIds-x-5440,https://www.dongchedi.com/auto/series/score/5440
冒险家,994,https://www.dongchedi.com/auto/params-carIds-x-3981,https://www.dongchedi.com/auto/series/score/3981
传祺GS8,981,https://www.dongchedi.com/auto/params-carIds-x-617,https://www.dongchedi.com/auto/series/score/617
海狮 EV,981,https://www.dongchedi.com/auto/params-carIds-x-1772,https://www.dongchedi.com/auto/series/score/1772
库斯途,979,https://www.dongchedi.com/auto/params-carIds-x-5034,https://www.dongchedi.com/auto/series/score/5034
马自达CX-50行也,974,https://www.dongchedi.com/auto/params-carIds-x-6313,https://www.dongchedi.com/auto/series/score/6313
劲客,963,https://www.dongchedi.com/auto/params-carIds-x-1579,https://www.dongchedi.com/auto/series/score/1579
仰望U8,952,https://www.dongchedi.com/auto/params-carIds-x-6235,https://www.dongchedi.com/auto/series/score/6235
逸动EV,942,https://www.dongchedi.com/auto/params-carIds-x-1456,https://www.dongchedi.com/auto/series/score/1456
岚图FREE,939,https://www.dongchedi.com/auto/params-carIds-x-4760,https://www.dongchedi.com/auto/series/score/4760
狮铂拓界,922,https://www.dongchedi.com/auto/params-carIds-x-6070,https://www.dongchedi.com/auto/series/score/6070
捷达VS7,915,https://www.dongchedi.com/auto/params-carIds-x-3276,https://www.dongchedi.com/auto/series/score/3276
领克09 EM-P,915,https://www.dongchedi.com/auto/params-carIds-x-5283,https://www.dongchedi.com/auto/series/score/5283
赛图斯,911,https://www.dongchedi.com/auto/params-carIds-x-8934,https://www.dongchedi.com/auto/series/score/8934
瑞风M3,910,https://www.dongchedi.com/auto/params-carIds-x-768,https://www.dongchedi.com/auto/series/score/768
领克06 EM-P,901,https://www.dongchedi.com/auto/params-carIds-x-4340,https://www.dongchedi.com/auto/series/score/4340
瑞虎5x,896,https://www.dongchedi.com/auto/params-carIds-x-1738,https://www.dongchedi.com/auto/series/score/1738
哈弗二代大狗PHEV,889,https://www.dongchedi.com/auto/params-carIds-x-6124,https://www.dongchedi.com/auto/series/score/6124
奔腾T90,888,https://www.dongchedi.com/auto/params-carIds-x-8803,https://www.dongchedi.com/auto/series/score/8803
奔驰EQE,868,https://www.dongchedi.com/auto/params-carIds-x-5813,https://www.dongchedi.com/auto/series/score/5813
红旗H9,836,https://www.dongchedi.com/auto/params-carIds-x-4355,https://www.dongchedi.com/auto/series/score/4355
本田UR-V,834,https://www.dongchedi.com/auto/params-carIds-x-281,https://www.dongchedi.com/auto/series/score/281
锐胜王牌M7,822,https://www.dongchedi.com/auto/params-carIds-x-5886,https://www.dongchedi.com/auto/series/score/5886
荣威Ei5,819,https://www.dongchedi.com/auto/params-carIds-x-1760,https://www.dongchedi.com/auto/series/score/1760
别克E5,806,https://www.dongchedi.com/auto/params-carIds-x-6271,https://www.dongchedi.com/auto/series/score/6271
荣威RX5,802,https://www.dongchedi.com/auto/params-carIds-x-1182,https://www.dongchedi.com/auto/series/score/1182
奔驰GLA,801,https://www.dongchedi.com/auto/params-carIds-x-215,https://www.dongchedi.com/auto/series/score/215
e爱丽舍,800,https://www.dongchedi.com/auto/params-carIds-x-4391,https://www.dongchedi.com/auto/series/score/4391
高山,789,https://www.dongchedi.com/auto/params-carIds-x-6303,https://www.dongchedi.com/auto/series/score/6303
欧诺S,776,https://www.dongchedi.com/auto/params-carIds-x-1475,https://www.dongchedi.com/auto/series/score/1475
蔚来ES8,773,https://www.dongchedi.com/auto/params-carIds-x-1616,https://www.dongchedi.com/auto/series/score/1616
哪吒X,773,https://www.dongchedi.com/auto/params-carIds-x-9312,https://www.dongchedi.com/auto/series/score/9312
凌放HARRIER,761,https://www.dongchedi.com/auto/params-carIds-x-4986,https://www.dongchedi.com/auto/series/score/4986
凯翼拾月,726,https://www.dongchedi.com/auto/params-carIds-x-6060,https://www.dongchedi.com/auto/series/score/6060
悦也,723,https://www.dongchedi.com/auto/params-carIds-x-6160,https://www.dongchedi.com/auto/series/score/6160
锐程PLUS,721,https://www.dongchedi.com/auto/params-carIds-x-6147,https://www.dongchedi.com/auto/series/score/6147
迈腾GTE,713,https://www.dongchedi.com/auto/params-carIds-x-3142,https://www.dongchedi.com/auto/series/score/3142
凯迪拉克XT4,708,https://www.dongchedi.com/auto/params-carIds-x-2971,https://www.dongchedi.com/auto/series/score/2971
星瑞L,703,https://www.dongchedi.com/auto/params-carIds-x-9454,https://www.dongchedi.com/auto/series/score/9454
启辰VX6,700,https://www.dongchedi.com/auto/params-carIds-x-6328,https://www.dongchedi.com/auto/series/score/6328
凌宝BOX,697,https://www.dongchedi.com/auto/params-carIds-x-4503,https://www.dongchedi.com/auto/series/score/4503
悦也Plus,692,https://www.dongchedi.com/auto/params-carIds-x-10022,https://www.dongchedi.com/auto/series/score/10022
钇为3,678,https://www.dongchedi.com/auto/params-carIds-x-8897,https://www.dongchedi.com/auto/series/score/8897
唐EV,673,https://www.dongchedi.com/auto/params-carIds-x-3077,https://www.dongchedi.com/auto/series/score/3077
远志M1,669,https://www.dongchedi.com/auto/params-carIds-x-4542,https://www.dongchedi.com/auto/series/score/4542
问界M5,668,https://www.dongchedi.com/auto/params-carIds-x-5343,https://www.dongchedi.com/auto/series/score/5343
创维HT-i,665,https://www.dongchedi.com/auto/params-carIds-x-5871,https://www.dongchedi.com/auto/series/score/5871
启辰大V,665,https://www.dongchedi.com/auto/params-carIds-x-5153,https://www.dongchedi.com/auto/series/score/5153
帝豪L HiP,663,https://www.dongchedi.com/auto/params-carIds-x-5872,https://www.dongchedi.com/auto/series/score/5872
启辰D60,663,https://www.dongchedi.com/auto/params-carIds-x-1628,https://www.dongchedi.com/auto/series/score/1628
阿维塔 11,662,https://www.dongchedi.com/auto/params-carIds-x-5308,https://www.dongchedi.com/auto/series/score/5308
凯迪拉克CT6,642,https://www.dongchedi.com/auto/params-carIds-x-859,https://www.dongchedi.com/auto/series/score/859
起亚EV5,638,https://www.dongchedi.com/auto/params-carIds-x-9237,https://www.dongchedi.com/auto/series/score/9237
小鹏P5,626,https://www.dongchedi.com/auto/params-carIds-x-5004,https://www.dongchedi.com/auto/series/score/5004
启辰D60 EV,625,https://www.dongchedi.com/auto/params-carIds-x-3351,https://www.dongchedi.com/auto/series/score/3351
瑞虎3x,617,https://www.dongchedi.com/auto/params-carIds-x-1092,https://www.dongchedi.com/auto/series/score/1092
捷豹XFL,616,https://www.dongchedi.com/auto/params-carIds-x-798,https://www.dongchedi.com/auto/series/score/798
标致5008,610,https://www.dongchedi.com/auto/params-carIds-x-341,https://www.dongchedi.com/auto/series/score/341
广汽丰田铂智4X,606,https://www.dongchedi.com/auto/params-carIds-x-9668,https://www.dongchedi.com/auto/series/score/9668
炫界,603,https://www.dongchedi.com/auto/params-carIds-x-4311,https://www.dongchedi.com/auto/series/score/4311
小麒麟,591,https://www.dongchedi.com/auto/params-carIds-x-5898,https://www.dongchedi.com/auto/series/score/5898
捷豹XEL,587,https://www.dongchedi.com/auto/params-carIds-x-1789,https://www.dongchedi.com/auto/series/score/1789
昊铂GT,584,https://www.dongchedi.com/auto/params-carIds-x-6311,https://www.dongchedi.com/auto/series/score/6311
北京X7 PHEV,576,https://www.dongchedi.com/auto/params-carIds-x-4589,https://www.dongchedi.com/auto/series/score/4589
奕跑,576,https://www.dongchedi.com/auto/params-carIds-x-2890,https://www.dongchedi.com/auto/series/score/2890
星途追风,571,https://www.dongchedi.com/auto/params-carIds-x-3083,https://www.dongchedi.com/auto/series/score/3083
丰田C-HR,570,https://www.dongchedi.com/auto/params-carIds-x-1636,https://www.dongchedi.com/auto/series/score/1636
星纪元 ES,559,https://www.dongchedi.com/auto/params-carIds-x-8965,https://www.dongchedi.com/auto/series/score/8965
北京EU5,556,https://www.dongchedi.com/auto/params-carIds-x-4074,https://www.dongchedi.com/auto/series/score/4074
雅阁 PHEV,551,https://www.dongchedi.com/auto/params-carIds-x-6365,https://www.dongchedi.com/auto/series/score/6365
哈弗H5,550,https://www.dongchedi.com/auto/params-carIds-x-6321,https://www.dongchedi.com/auto/series/score/6321
ZEEKR X,548,https://www.dongchedi.com/auto/params-carIds-x-6253,https://www.dongchedi.com/auto/series/score/6253
逸达,543,https://www.dongchedi.com/auto/params-carIds-x-6209,https://www.dongchedi.com/auto/series/score/6209
合创Z03,525,https://www.dongchedi.com/auto/params-carIds-x-5089,https://www.dongchedi.com/auto/series/score/5089
风行T5,521,https://www.dongchedi.com/auto/params-carIds-x-2820,https://www.dongchedi.com/auto/series/score/2820
帕萨特PHEV,520,https://www.dongchedi.com/auto/params-carIds-x-2989,https://www.dongchedi.com/auto/series/score/2989
长安UNI-T,520,https://www.dongchedi.com/auto/params-carIds-x-4353,https://www.dongchedi.com/auto/series/score/4353
影酷,508,https://www.dongchedi.com/auto/params-carIds-x-5468,https://www.dongchedi.com/auto/series/score/5468
捷途山海L9,502,https://www.dongchedi.com/auto/params-carIds-x-9346,https://www.dongchedi.com/auto/series/score/9346
坦克500,500,https://www.dongchedi.com/auto/params-carIds-x-5238,https://www.dongchedi.com/auto/series/score/5238
smart精灵#3,491,https://www.dongchedi.com/auto/params-carIds-x-6272,https://www.dongchedi.com/auto/series/score/6272
本田CR-V PHEV,485,https://www.dongchedi.com/auto/params-carIds-x-4730,https://www.dongchedi.com/auto/series/score/4730
沃尔沃XC40,483,https://www.dongchedi.com/auto/params-carIds-x-3355,https://www.dongchedi.com/auto/series/score/3355
VGV U70,480,https://www.dongchedi.com/auto/params-carIds-x-4209,https://www.dongchedi.com/auto/series/score/4209
腾势D9 EV,474,https://www.dongchedi.com/auto/params-carIds-x-5842,https://www.dongchedi.com/auto/series/score/5842
菱智M5 EV,471,https://www.dongchedi.com/auto/params-carIds-x-1793,https://www.dongchedi.com/auto/series/score/1793
奥迪Q5 e-tron,470,https://www.dongchedi.com/auto/params-carIds-x-5002,https://www.dongchedi.com/auto/series/score/5002
哪吒AYA,461,https://www.dongchedi.com/auto/params-carIds-x-9208,https://www.dongchedi.com/auto/series/score/9208
创维EV6,461,https://www.dongchedi.com/auto/params-carIds-x-5122,https://www.dongchedi.com/auto/series/score/5122
奥迪Q5L Sportback,460,https://www.dongchedi.com/auto/params-carIds-x-4989,https://www.dongchedi.com/auto/series/score/4989
星途揽月,450,https://www.dongchedi.com/auto/params-carIds-x-3720,https://www.dongchedi.com/auto/series/score/3720
哈弗枭龙MAX,448,https://www.dongchedi.com/auto/params-carIds-x-8795,https://www.dongchedi.com/auto/series/score/8795
ZEEKR 009,447,https://www.dongchedi.com/auto/params-carIds-x-5878,https://www.dongchedi.com/auto/series/score/5878
风光500,445,https://www.dongchedi.com/auto/params-carIds-x-4703,https://www.dongchedi.com/auto/series/score/4703
探岳X,438,https://www.dongchedi.com/auto/params-carIds-x-4425,https://www.dongchedi.com/auto/series/score/4425
奔腾T55,434,https://www.dongchedi.com/auto/params-carIds-x-4794,https://www.dongchedi.com/auto/series/score/4794
昊铂HT,430,https://www.dongchedi.com/auto/params-carIds-x-9345,https://www.dongchedi.com/auto/series/score/9345
速派,424,https://www.dongchedi.com/auto/params-carIds-x-1243,https://www.dongchedi.com/auto/series/score/1243
传祺ES9 PHEV,414,https://www.dongchedi.com/auto/params-carIds-x-9187,https://www.dongchedi.com/auto/series/score/9187
吉利ICON,406,https://www.dongchedi.com/auto/params-carIds-x-2880,https://www.dongchedi.com/auto/series/score/2880
风光580,406,https://www.dongchedi.com/auto/params-carIds-x-436,https://www.dongchedi.com/auto/series/score/436
云朵,405,https://www.dongchedi.com/auto/params-carIds-x-9029,https://www.dongchedi.com/auto/series/score/9029
爱跑,404,https://www.dongchedi.com/auto/params-carIds-x-9792,https://www.dongchedi.com/auto/series/score/9792
东风本田M-NV,403,https://www.dongchedi.com/auto/params-carIds-x-4585,https://www.dongchedi.com/auto/series/score/4585
ID.6 CROZZ,400,https://www.dongchedi.com/auto/params-carIds-x-4961,https://www.dongchedi.com/auto/series/score/4961
途铠,400,https://www.dongchedi.com/auto/params-carIds-x-3066,https://www.dongchedi.com/auto/series/score/3066
荣威eRX5,393,https://www.dongchedi.com/auto/params-carIds-x-1183,https://www.dongchedi.com/auto/series/score/1183
奥迪Q3 Sportback,393,https://www.dongchedi.com/auto/params-carIds-x-4990,https://www.dongchedi.com/auto/series/score/4990
凌尚,390,https://www.dongchedi.com/auto/params-carIds-x-4796,https://www.dongchedi.com/auto/series/score/4796
凯翼昆仑,385,https://www.dongchedi.com/auto/params-carIds-x-6056,https://www.dongchedi.com/auto/series/score/6056
哈弗H9,383,https://www.dongchedi.com/auto/params-carIds-x-653,https://www.dongchedi.com/auto/series/score/653
ID.7 VIZZION,383,https://www.dongchedi.com/auto/params-carIds-x-8946,https://www.dongchedi.com/auto/series/score/8946
大通G10,382,https://www.dongchedi.com/auto/params-carIds-x-1211,https://www.dongchedi.com/auto/series/score/1211
魔方,376,https://www.dongchedi.com/auto/params-carIds-x-5443,https://www.dongchedi.com/auto/series/score/5443
奔奔E-Star,374,https://www.dongchedi.com/auto/params-carIds-x-4416,https://www.dongchedi.com/auto/series/score/4416
瑞风E3,371,https://www.dongchedi.com/auto/params-carIds-x-5474,https://www.dongchedi.com/auto/series/score/5474
宝马i5,370,https://www.dongchedi.com/auto/params-carIds-x-9224,https://www.dongchedi.com/auto/series/score/9224
MG ONE,365,https://www.dongchedi.com/auto/params-carIds-x-5250,https://www.dongchedi.com/auto/series/score/5250
奥迪Q6,363,https://www.dongchedi.com/auto/params-carIds-x-5364,https://www.dongchedi.com/auto/series/score/5364
极越01,362,https://www.dongchedi.com/auto/params-carIds-x-5967,https://www.dongchedi.com/auto/series/score/5967
宝马iX1,360,https://www.dongchedi.com/auto/params-carIds-x-8942,https://www.dongchedi.com/auto/series/score/8942
本田LIFE,353,https://www.dongchedi.com/auto/params-carIds-x-4663,https://www.dongchedi.com/auto/series/score/4663
凌宝Uni,348,https://www.dongchedi.com/auto/params-carIds-x-5385,https://www.dongchedi.com/auto/series/score/5385
ARIYA 艾睿雅,346,https://www.dongchedi.com/auto/params-carIds-x-5895,https://www.dongchedi.com/auto/series/score/5895
飞行家,343,https://www.dongchedi.com/auto/params-carIds-x-4339,https://www.dongchedi.com/auto/series/score/4339
沃尔沃XC60 RECHARGE,340,https://www.dongchedi.com/auto/params-carIds-x-1792,https://www.dongchedi.com/auto/series/score/1792
五菱征程,337,https://www.dongchedi.com/auto/params-carIds-x-4901,https://www.dongchedi.com/auto/series/score/4901
领裕,330,https://www.dongchedi.com/auto/params-carIds-x-4759,https://www.dongchedi.com/auto/series/score/4759
北京BJ60,324,https://www.dongchedi.com/auto/params-carIds-x-5561,https://www.dongchedi.com/auto/series/score/5561
天逸 C5 AIRCROSS,320,https://www.dongchedi.com/auto/params-carIds-x-1642,https://www.dongchedi.com/auto/series/score/1642
枫叶60s,318,https://www.dongchedi.com/auto/params-carIds-x-5151,https://www.dongchedi.com/auto/series/score/5151
CLEVER,312,https://www.dongchedi.com/auto/params-carIds-x-3710,https://www.dongchedi.com/auto/series/score/3710
艾瑞泽e,294,https://www.dongchedi.com/auto/params-carIds-x-4086,https://www.dongchedi.com/auto/series/score/4086
凯捷Victory,290,https://www.dongchedi.com/auto/params-carIds-x-4569,https://www.dongchedi.com/auto/series/score/4569
风行T5 EVO,289,https://www.dongchedi.com/auto/params-carIds-x-4654,https://www.dongchedi.com/auto/series/score/4654
纳米BOX,287,https://www.dongchedi.com/auto/params-carIds-x-5968,https://www.dongchedi.com/auto/series/score/5968
柯米克GT,285,https://www.dongchedi.com/auto/params-carIds-x-4180,https://www.dongchedi.com/auto/series/score/4180
迈锐宝XL,284,https://www.dongchedi.com/auto/params-carIds-x-1355,https://www.dongchedi.com/auto/series/score/1355
远航Y6,282,https://www.dongchedi.com/auto/params-carIds-x-6118,https://www.dongchedi.com/auto/series/score/6118
比亚迪e3,277,https://www.dongchedi.com/auto/params-carIds-x-4076,https://www.dongchedi.com/auto/series/score/4076
帕拉丁,276,https://www.dongchedi.com/auto/params-carIds-x-9181,https://www.dongchedi.com/auto/series/score/9181
风行S50 EV,272,https://www.dongchedi.com/auto/params-carIds-x-1810,https://www.dongchedi.com/auto/series/score/1810
MG4 EV,271,https://www.dongchedi.com/auto/params-carIds-x-5828,https://www.dongchedi.com/auto/series/score/5828
风光380,268,https://www.dongchedi.com/auto/params-carIds-x-5390,https://www.dongchedi.com/auto/series/score/5390
帝豪EV,266,https://www.dongchedi.com/auto/params-carIds-x-735,https://www.dongchedi.com/auto/series/score/735
荣威iMAX8 EV,265,https://www.dongchedi.com/auto/params-carIds-x-5818,https://www.dongchedi.com/auto/series/score/5818
岚图梦想家 EV,260,https://www.dongchedi.com/auto/params-carIds-x-5416,https://www.dongchedi.com/auto/series/score/5416
风光S560,257,https://www.dongchedi.com/auto/params-carIds-x-1712,https://www.dongchedi.com/auto/series/score/1712
风行雷霆,253,https://www.dongchedi.com/auto/params-carIds-x-5802,https://www.dongchedi.com/auto/series/score/5802
ID.6 X,250,https://www.dongchedi.com/auto/params-carIds-x-4894,https://www.dongchedi.com/auto/series/score/4894
风光330,246,https://www.dongchedi.com/auto/params-carIds-x-437,https://www.dongchedi.com/auto/series/score/437
荣威iMAX8,245,https://www.dongchedi.com/auto/params-carIds-x-4535,https://www.dongchedi.com/auto/series/score/4535
五菱荣光EV,244,https://www.dongchedi.com/auto/params-carIds-x-4320,https://www.dongchedi.com/auto/series/score/4320
极狐 阿尔法S5,240,https://www.dongchedi.com/auto/params-carIds-x-9179,https://www.dongchedi.com/auto/series/score/9179
领克09,238,https://www.dongchedi.com/auto/params-carIds-x-5081,https://www.dongchedi.com/auto/series/score/5081
智己LS7,237,https://www.dongchedi.com/auto/params-carIds-x-4869,https://www.dongchedi.com/auto/series/score/4869
凯迪拉克GT4,237,https://www.dongchedi.com/auto/params-carIds-x-5978,https://www.dongchedi.com/auto/series/score/5978
标致508L,233,https://www.dongchedi.com/auto/params-carIds-x-337,https://www.dongchedi.com/auto/series/score/337
岚图追光 PHEV,233,https://www.dongchedi.com/auto/params-carIds-x-9167,https://www.dongchedi.com/auto/series/score/9167
奕泽IZOA,229,https://www.dongchedi.com/auto/params-carIds-x-2827,https://www.dongchedi.com/auto/series/score/2827
摩卡PHEV,229,https://www.dongchedi.com/auto/params-carIds-x-4867,https://www.dongchedi.com/auto/series/score/4867
元Pro,222,https://www.dongchedi.com/auto/params-carIds-x-4981,https://www.dongchedi.com/auto/series/score/4981
江淮QX PHEV,214,https://www.dongchedi.com/auto/params-carIds-x-8975,https://www.dongchedi.com/auto/series/score/8975
嘉际,213,https://www.dongchedi.com/auto/params-carIds-x-2167,https://www.dongchedi.com/auto/series/score/2167
红旗HS7,212,https://www.dongchedi.com/auto/params-carIds-x-2151,https://www.dongchedi.com/auto/series/score/2151
睿蓝9,205,https://www.dongchedi.com/auto/params-carIds-x-6003,https://www.dongchedi.com/auto/series/score/6003
蔚来EC7,203,https://www.dongchedi.com/auto/params-carIds-x-6224,https://www.dongchedi.com/auto/series/score/6224
奔腾T77,202,https://www.dongchedi.com/auto/params-carIds-x-2867,https://www.dongchedi.com/auto/series/score/2867
凯迪拉克XT6,201,https://www.dongchedi.com/auto/params-carIds-x-3164,https://www.dongchedi.com/auto/series/score/3164
捷途X70S EV,192,https://www.dongchedi.com/auto/params-carIds-x-3353,https://www.dongchedi.com/auto/series/score/3353
欧拉闪电猫,189,https://www.dongchedi.com/auto/params-carIds-x-5053,https://www.dongchedi.com/auto/series/score/5053
本田e:NS1,186,https://www.dongchedi.com/auto/params-carIds-x-5387,https://www.dongchedi.com/auto/series/score/5387
IQ傲歌,181,https://www.dongchedi.com/auto/params-carIds-x-9186,https://www.dongchedi.com/auto/series/score/9186
开拓者,180,https://www.dongchedi.com/auto/params-carIds-x-4196,https://www.dongchedi.com/auto/series/score/4196
红旗HQ9,176,https://www.dongchedi.com/auto/params-carIds-x-5905,https://www.dongchedi.com/auto/series/score/5905
探界者,174,https://www.dongchedi.com/auto/params-carIds-x-1359,https://www.dongchedi.com/auto/series/score/1359
欧萌达,169,https://www.dongchedi.com/auto/params-carIds-x-5162,https://www.dongchedi.com/auto/series/score/5162
合创A06,168,https://www.dongchedi.com/auto/params-carIds-x-6069,https://www.dongchedi.com/auto/series/score/6069
宝骏KiWi EV,163,https://www.dongchedi.com/auto/params-carIds-x-5093,https://www.dongchedi.com/auto/series/score/5093
沃尔沃S90 RECHARGE,163,https://www.dongchedi.com/auto/params-carIds-x-2937,https://www.dongchedi.com/auto/series/score/2937
英菲尼迪QX60,162,https://www.dongchedi.com/auto/params-carIds-x-5294,https://www.dongchedi.com/auto/series/score/5294
昂科旗,158,https://www.dongchedi.com/auto/params-carIds-x-4080,https://www.dongchedi.com/auto/series/score/4080
撼路者,157,https://www.dongchedi.com/auto/params-carIds-x-572,https://www.dongchedi.com/auto/series/score/572
勇士,155,https://www.dongchedi.com/auto/params-carIds-x-205,https://www.dongchedi.com/auto/series/score/205
极石01,154,https://www.dongchedi.com/auto/params-carIds-x-9131,https://www.dongchedi.com/auto/series/score/9131
五菱星云,153,https://www.dongchedi.com/auto/params-carIds-x-9032,https://www.dongchedi.com/auto/series/score/9032
斯威大虎,152,https://www.dongchedi.com/auto/params-carIds-x-5565,https://www.dongchedi.com/auto/series/score/5565
睿蓝X3 PRO,145,https://www.dongchedi.com/auto/params-carIds-x-5911,https://www.dongchedi.com/auto/series/score/5911
EVOS,144,https://www.dongchedi.com/auto/params-carIds-x-5067,https://www.dongchedi.com/auto/series/score/5067
亚洲狮,141,https://www.dongchedi.com/auto/params-carIds-x-4801,https://www.dongchedi.com/auto/series/score/4801
羿,138,https://www.dongchedi.com/auto/params-carIds-x-4858,https://www.dongchedi.com/auto/series/score/4858
大家9,138,https://www.dongchedi.com/auto/params-carIds-x-5063,https://www.dongchedi.com/auto/series/score/5063
柯珞克,133,https://www.dongchedi.com/auto/params-carIds-x-1661,https://www.dongchedi.com/auto/series/score/1661
菲斯塔,133,https://www.dongchedi.com/auto/params-carIds-x-2889,https://www.dongchedi.com/auto/series/score/2889
五菱Air ev晴空,132,https://www.dongchedi.com/auto/params-carIds-x-5896,https://www.dongchedi.com/auto/series/score/5896
欧拉芭蕾猫,132,https://www.dongchedi.com/auto/params-carIds-x-5297,https://www.dongchedi.com/auto/series/score/5297
嘉华,132,https://www.dongchedi.com/auto/params-carIds-x-1126,https://www.dongchedi.com/auto/series/score/1126
途睿欧,126,https://www.dongchedi.com/auto/params-carIds-x-573,https://www.dongchedi.com/auto/series/score/573
智跑,125,https://www.dongchedi.com/auto/params-carIds-x-1123,https://www.dongchedi.com/auto/series/score/1123
风光MINIEV,124,https://www.dongchedi.com/auto/params-carIds-x-5389,https://www.dongchedi.com/auto/series/score/5389
212,120,https://www.dongchedi.com/auto/params-carIds-x-202,https://www.dongchedi.com/auto/series/score/202
捷豹E-PACE,118,https://www.dongchedi.com/auto/params-carIds-x-2816,https://www.dongchedi.com/auto/series/score/2816
e:NP1 极湃1,117,https://www.dongchedi.com/auto/params-carIds-x-5392,https://www.dongchedi.com/auto/series/score/5392
Polestar 4,117,https://www.dongchedi.com/auto/params-carIds-x-5832,https://www.dongchedi.com/auto/series/score/5832
途安L,113,https://www.dongchedi.com/auto/params-carIds-x-407,https://www.dongchedi.com/auto/series/score/407
小鹏G3,113,https://www.dongchedi.com/auto/params-carIds-x-2819,https://www.dongchedi.com/auto/series/score/2819
易至EV3,110,https://www.dongchedi.com/auto/params-carIds-x-3028,https://www.dongchedi.com/auto/series/score/3028
途观L PHEV,110,https://www.dongchedi.com/auto/params-carIds-x-3001,https://www.dongchedi.com/auto/series/score/3001
极狐 阿尔法S,110,https://www.dongchedi.com/auto/params-carIds-x-4637,https://www.dongchedi.com/auto/series/score/4637
英仕派 PHEV,104,https://www.dongchedi.com/auto/params-carIds-x-8896,https://www.dongchedi.com/auto/series/score/8896
比亚迪D1,102,https://www.dongchedi.com/auto/params-carIds-x-4638,https://www.dongchedi.com/auto/series/score/4638
凯迪拉克CT4,100,https://www.dongchedi.com/auto/params-carIds-x-4182,https://www.dongchedi.com/auto/series/score/4182
奔驰EQA,99,https://www.dongchedi.com/auto/params-carIds-x-1729,https://www.dongchedi.com/auto/series/score/1729
荣威D5X DMH,97,https://www.dongchedi.com/auto/params-carIds-x-9347,https://www.dongchedi.com/auto/series/score/9347
森雅R7,97,https://www.dongchedi.com/auto/params-carIds-x-1406,https://www.dongchedi.com/auto/series/score/1406
MG Cyberster,96,https://www.dongchedi.com/auto/params-carIds-x-4561,https://www.dongchedi.com/auto/series/score/4561
起亚K5,93,https://www.dongchedi.com/auto/params-carIds-x-1119,https://www.dongchedi.com/auto/series/score/1119
红旗EH7,93,https://www.dongchedi.com/auto/params-carIds-x-8947,https://www.dongchedi.com/auto/series/score/8947
蔚来ET7,93,https://www.dongchedi.com/auto/params-carIds-x-3478,https://www.dongchedi.com/auto/series/score/3478
IQ锐歌,91,https://www.dongchedi.com/auto/params-carIds-x-5358,https://www.dongchedi.com/auto/series/score/5358
皓影 PHEV,91,https://www.dongchedi.com/auto/params-carIds-x-4839,https://www.dongchedi.com/auto/series/score/4839
风行游艇,90,https://www.dongchedi.com/auto/params-carIds-x-5386,https://www.dongchedi.com/auto/series/score/5386
炫界Pro EV,88,https://www.dongchedi.com/auto/params-carIds-x-5367,https://www.dongchedi.com/auto/series/score/5367
索奈,87,https://www.dongchedi.com/auto/params-carIds-x-9494,https://www.dongchedi.com/auto/series/score/9494
长安UNI-K 智电iDD,86,https://www.dongchedi.com/auto/params-carIds-x-5216,https://www.dongchedi.com/auto/series/score/5216
轩度,84,https://www.dongchedi.com/auto/params-carIds-x-5033,https://www.dongchedi.com/auto/series/score/5033
启辰星,83,https://www.dongchedi.com/auto/params-carIds-x-4276,https://www.dongchedi.com/auto/series/score/4276
明锐,82,https://www.dongchedi.com/auto/params-carIds-x-1241,https://www.dongchedi.com/auto/series/score/1241
飞凡F7,82,https://www.dongchedi.com/auto/params-carIds-x-6137,https://www.dongchedi.com/auto/series/score/6137
元宝,79,https://www.dongchedi.com/auto/params-carIds-x-5788,https://www.dongchedi.com/auto/series/score/5788
大通G90,79,https://www.dongchedi.com/auto/params-carIds-x-5438,https://www.dongchedi.com/auto/series/score/5438
福特烈马,79,https://www.dongchedi.com/auto/params-carIds-x-9350,https://www.dongchedi.com/auto/series/score/9350
雪佛兰畅巡,77,https://www.dongchedi.com/auto/params-carIds-x-4081,https://www.dongchedi.com/auto/series/score/4081
探岳GTE,77,https://www.dongchedi.com/auto/params-carIds-x-3131,https://www.dongchedi.com/auto/series/score/3131
柯迪亚克,76,https://www.dongchedi.com/auto/params-carIds-x-1245,https://www.dongchedi.com/auto/series/score/1245
睿蓝7,76,https://www.dongchedi.com/auto/params-carIds-x-5997,https://www.dongchedi.com/auto/series/score/5997
极狐考拉,71,https://www.dongchedi.com/auto/params-carIds-x-6356,https://www.dongchedi.com/auto/series/score/6356
别克E4,69,https://www.dongchedi.com/auto/params-carIds-x-6362,https://www.dongchedi.com/auto/series/score/6362
合创V09,69,https://www.dongchedi.com/auto/params-carIds-x-5472,https://www.dongchedi.com/auto/series/score/5472
飞凡R7,68,https://www.dongchedi.com/auto/params-carIds-x-4980,https://www.dongchedi.com/auto/series/score/4980
威兰达高性能版,66,https://www.dongchedi.com/auto/params-carIds-x-4813,https://www.dongchedi.com/auto/series/score/4813
福特电马,65,https://www.dongchedi.com/auto/params-carIds-x-4890,https://www.dongchedi.com/auto/series/score/4890
MG6,49,https://www.dongchedi.com/auto/params-carIds-x-32,https://www.dongchedi.com/auto/series/score/32
小虎FEV,49,https://www.dongchedi.com/auto/params-carIds-x-5014,https://www.dongchedi.com/auto/series/score/5014
蔚来ES7,48,https://www.dongchedi.com/auto/params-carIds-x-5819,https://www.dongchedi.com/auto/series/score/5819
长安之星9 EV,47,https://www.dongchedi.com/auto/params-carIds-x-3022,https://www.dongchedi.com/auto/series/score/3022
哈弗赤兔,44,https://www.dongchedi.com/auto/params-carIds-x-4921,https://www.dongchedi.com/auto/series/score/4921
焕驰,40,https://www.dongchedi.com/auto/params-carIds-x-1719,https://www.dongchedi.com/auto/series/score/1719
长安UNI-V 智电iDD,40,https://www.dongchedi.com/auto/params-carIds-x-5923,https://www.dongchedi.com/auto/series/score/5923
沃尔沃XC40 RECHARGE,38,https://www.dongchedi.com/auto/params-carIds-x-4738,https://www.dongchedi.com/auto/series/score/4738
凌派,37,https://www.dongchedi.com/auto/params-carIds-x-287,https://www.dongchedi.com/auto/series/score/287
远航H8,36,https://www.dongchedi.com/auto/params-carIds-x-6117,https://www.dongchedi.com/auto/series/score/6117
AION LX,35,https://www.dongchedi.com/auto/params-carIds-x-3503,https://www.dongchedi.com/auto/series/score/3503
腾势N8 DM,33,https://www.dongchedi.com/auto/params-carIds-x-8898,https://www.dongchedi.com/auto/series/score/8898
英菲尼迪QX50,32,https://www.dongchedi.com/auto/params-carIds-x-1423,https://www.dongchedi.com/auto/series/score/1423
胜达,31,https://www.dongchedi.com/auto/params-carIds-x-1324,https://www.dongchedi.com/auto/series/score/1324
昂扬,30,https://www.dongchedi.com/auto/params-carIds-x-5980,https://www.dongchedi.com/auto/series/score/5980
星迈罗,30,https://www.dongchedi.com/auto/params-carIds-x-5897,https://www.dongchedi.com/auto/series/score/5897
优优,28,https://www.dongchedi.com/auto/params-carIds-x-848,https://www.dongchedi.com/auto/series/score/848
海马7X,28,https://www.dongchedi.com/auto/params-carIds-x-4201,https://www.dongchedi.com/auto/series/score/4201
思皓花仙子,23,https://www.dongchedi.com/auto/params-carIds-x-4819,https://www.dongchedi.com/auto/series/score/4819
星途追风 C-DM,22,https://www.dongchedi.com/auto/params-carIds-x-5567,https://www.dongchedi.com/auto/series/score/5567
沃尔沃C40 RECHARGE,21,https://www.dongchedi.com/auto/params-carIds-x-4924,https://www.dongchedi.com/auto/series/score/4924
奔腾M9,21,https://www.dongchedi.com/auto/params-carIds-x-6085,https://www.dongchedi.com/auto/series/score/6085
斯威G05,17,https://www.dongchedi.com/auto/params-carIds-x-3721,https://www.dongchedi.com/auto/series/score/3721
红旗E-HS9,16,https://www.dongchedi.com/auto/params-carIds-x-4146,https://www.dongchedi.com/auto/series/score/4146
北京BJ80,16,https://www.dongchedi.com/auto/params-carIds-x-165,https://www.dongchedi.com/auto/series/score/165
智己L7,16,https://www.dongchedi.com/auto/params-carIds-x-4870,https://www.dongchedi.com/auto/series/score/4870
广汽丰田bZ4X,13,https://www.dongchedi.com/auto/params-carIds-x-5570,https://www.dongchedi.com/auto/series/score/5570
极狐 阿尔法T,13,https://www.dongchedi.com/auto/params-carIds-x-4385,https://www.dongchedi.com/auto/series/score/4385
创酷,12,https://www.dongchedi.com/auto/params-carIds-x-1357,https://www.dongchedi.com/auto/series/score/1357
奥迪e-tron,12,https://www.dongchedi.com/auto/params-carIds-x-4543,https://www.dongchedi.com/auto/series/score/4543
沃尔沃S60 RECHARGE,12,https://www.dongchedi.com/auto/params-carIds-x-1280,https://www.dongchedi.com/auto/series/score/1280
荣威RX9,11,https://www.dongchedi.com/auto/params-carIds-x-3690,https://www.dongchedi.com/auto/series/score/3690
长安CS95,11,https://www.dongchedi.com/auto/params-carIds-x-1463,https://www.dongchedi.com/auto/series/score/1463
红旗国耀,11,https://www.dongchedi.com/auto/params-carIds-x-5418,https://www.dongchedi.com/auto/series/score/5418
岚图追光,9,https://www.dongchedi.com/auto/params-carIds-x-6205,https://www.dongchedi.com/auto/series/score/6205
江淮X8 PLUS,8,https://www.dongchedi.com/auto/params-carIds-x-9486,https://www.dongchedi.com/auto/series/score/9486
发现运动版PHEV,8,https://www.dongchedi.com/auto/params-carIds-x-4640,https://www.dongchedi.com/auto/series/score/4640
揽胜极光PHEV,8,https://www.dongchedi.com/auto/params-carIds-x-5314,https://www.dongchedi.com/auto/series/score/5314
斯威G01,5,https://www.dongchedi.com/auto/params-carIds-x-2779,https://www.dongchedi.com/auto/series/score/2779
奔驰EQB,5,https://www.dongchedi.com/auto/params-carIds-x-3932,https://www.dongchedi.com/auto/series/score/3932
RAV4荣放双擎E+,5,https://www.dongchedi.com/auto/params-carIds-x-4329,https://www.dongchedi.com/auto/series/score/4329
昊铂SSR,4,https://www.dongchedi.com/auto/params-carIds-x-6154,https://www.dongchedi.com/auto/series/score/6154
DS 9,2,https://www.dongchedi.com/auto/params-carIds-x-3724,https://www.dongchedi.com/auto/series/score/3724
海马7X-E,2,https://www.dongchedi.com/auto/params-carIds-x-5934,https://www.dongchedi.com/auto/series/score/5934
赛力斯A5,2,https://www.dongchedi.com/auto/params-carIds-x-6210,https://www.dongchedi.com/auto/series/score/6210
福克斯,1,https://www.dongchedi.com/auto/params-carIds-x-577,https://www.dongchedi.com/auto/series/score/577
星越L 增程电动版,1,https://www.dongchedi.com/auto/params-carIds-x-6086,https://www.dongchedi.com/auto/series/score/6086
